Glucose (mM),ECL Intensity
0.05,18.506666666666664
0.1,30.0
0.5,42.0
1.0,71.0
1.5,85.0
2.0,104.66666666666667
2.5,120.0
3.0,132.0
